fixture,pipeline,sha_changed,phash_dist,dhash_dist,max_diff,pct_changed,psnr,ssim,ms,bytes_in,bytes_out,raster_bytes,user_agent
color-447.png,no-transform-png,true,0,0,0,0,Infinity,1,278.10000002384186,397738,7650,4795416,"Mozilla/5.0 (Windows NT 10.0; Win64; x64) AppleWebKit/537.36 (KHTML, like Gecko) HeadlessChrome/140.0.7339.16 Safari/537.36"
color-447.png,no-transform-jpeg,true,6,0,202,99.97597705809048,31.166748353622424,0.991494187377139,214.59999999403954,397738,152052,4795416,"Mozilla/5.0 (Windows NT 10.0; Win64; x64) AppleWebKit/537.36 (KHTML, like Gecko) HeadlessChrome/140.0.7339.16 Safari/537.36"
color-447.png,grayscale-png,true,2,1,229,100,58.92586216891698,0.9999865612581216,226.59999999403954,397738,63031,5594652,"Mozilla/5.0 (Windows NT 10.0; Win64; x64) AppleWebKit/537.36 (KHTML, like Gecko) HeadlessChrome/140.0.7339.16 Safari/537.36"
color-447.png,resize-2400-png,true,0,0,0,0,Infinity,1,216.3999999910593,397738,7650,5594652,"Mozilla/5.0 (Windows NT 10.0; Win64; x64) AppleWebKit/537.36 (KHTML, like Gecko) HeadlessChrome/140.0.7339.16 Safari/537.36"
corrupt.bin,no-transform-png,"error:Unsupported image: expected JPEG, PNG, or WebP magic bytes",,,,,,,,16,,,"Mozilla/5.0 (Windows NT 10.0; Win64; x64) AppleWebKit/537.36 (KHTML, like Gecko) HeadlessChrome/140.0.7339.16 Safari/537.36"
corrupt.bin,no-transform-jpeg,"error:Unsupported image: expected JPEG, PNG, or WebP magic bytes",,,,,,,,16,,,"Mozilla/5.0 (Windows NT 10.0; Win64; x64) AppleWebKit/537.36 (KHTML, like Gecko) HeadlessChrome/140.0.7339.16 Safari/537.36"
corrupt.bin,grayscale-png,"error:Unsupported image: expected JPEG, PNG, or WebP magic bytes",,,,,,,,16,,,"Mozilla/5.0 (Windows NT 10.0; Win64; x64) AppleWebKit/537.36 (KHTML, like Gecko) HeadlessChrome/140.0.7339.16 Safari/537.36"
corrupt.bin,resize-2400-png,"error:Unsupported image: expected JPEG, PNG, or WebP magic bytes",,,,,,,,16,,,"Mozilla/5.0 (Windows NT 10.0; Win64; x64) AppleWebKit/537.36 (KHTML, like Gecko) HeadlessChrome/140.0.7339.16 Safari/537.36"
exif-orientation-gps.jpg,no-transform-png,true,0,0,0,0,Infinity,1,3.2999999970197678,953,93,48,"Mozilla/5.0 (Windows NT 10.0; Win64; x64) AppleWebKit/537.36 (KHTML, like Gecko) HeadlessChrome/140.0.7339.16 Safari/537.36"
exif-orientation-gps.jpg,no-transform-jpeg,true,20,0,150,100,29.049343646660773,0.9660415181136403,4.4000000059604645,953,776,48,"Mozilla/5.0 (Windows NT 10.0; Win64; x64) AppleWebKit/537.36 (KHTML, like Gecko) HeadlessChrome/140.0.7339.16 Safari/537.36"
exif-orientation-gps.jpg,grayscale-png,true,15,0,236,100,60.54222947849731,0.999948111630426,3.399999976158142,953,94,56,"Mozilla/5.0 (Windows NT 10.0; Win64; x64) AppleWebKit/537.36 (KHTML, like Gecko) HeadlessChrome/140.0.7339.16 Safari/537.36"
exif-orientation-gps.jpg,resize-2400-png,true,0,0,0,0,Infinity,1,3.0999999940395355,953,93,56,"Mozilla/5.0 (Windows NT 10.0; Win64; x64) AppleWebKit/537.36 (KHTML, like Gecko) HeadlessChrome/140.0.7339.16 Safari/537.36"
large-dimension.png,no-transform-png,true,0,0,0,0,Infinity,1,10,117,252,196608,"Mozilla/5.0 (Windows NT 10.0; Win64; x64) AppleWebKit/537.36 (KHTML, like Gecko) HeadlessChrome/140.0.7339.16 Safari/537.36"
large-dimension.png,no-transform-jpeg,true,31,0,175,100,6.547178687726606,0.6896986580706009,9.200000002980232,117,1142,196608,"Mozilla/5.0 (Windows NT 10.0; Win64; x64) AppleWebKit/537.36 (KHTML, like Gecko) HeadlessChrome/140.0.7339.16 Safari/537.36"
large-dimension.png,grayscale-png,true,0,0,0,0,Infinity,1,9.199999988079071,117,252,229376,"Mozilla/5.0 (Windows NT 10.0; Win64; x64) AppleWebKit/537.36 (KHTML, like Gecko) HeadlessChrome/140.0.7339.16 Safari/537.36"
large-dimension.png,resize-2400-png,true,0,0,,,,,8.700000002980232,117,147,67200,"Mozilla/5.0 (Windows NT 10.0; Win64; x64) AppleWebKit/537.36 (KHTML, like Gecko) HeadlessChrome/140.0.7339.16 Safari/537.36"
png-renamed.jpg,no-transform-png,true,0,0,0,0,Infinity,1,2.800000011920929,72,89,48,"Mozilla/5.0 (Windows NT 10.0; Win64; x64) AppleWebKit/537.36 (KHTML, like Gecko) HeadlessChrome/140.0.7339.16 Safari/537.36"
png-renamed.jpg,no-transform-jpeg,true,28,8,255,100,3.459108170879768,-0.022361027286506914,3,72,792,48,"Mozilla/5.0 (Windows NT 10.0; Win64; x64) AppleWebKit/537.36 (KHTML, like Gecko) HeadlessChrome/140.0.7339.16 Safari/537.36"
png-renamed.jpg,grayscale-png,true,22,0,237,50,58.86426712779758,0.9995665626879712,3.199999988079071,72,91,56,"Mozilla/5.0 (Windows NT 10.0; Win64; x64) AppleWebKit/537.36 (KHTML, like Gecko) HeadlessChrome/140.0.7339.16 Safari/537.36"
png-renamed.jpg,resize-2400-png,true,0,0,0,0,Infinity,1,3.5,72,89,56,"Mozilla/5.0 (Windows NT 10.0; Win64; x64) AppleWebKit/537.36 (KHTML, like Gecko) HeadlessChrome/140.0.7339.16 Safari/537.36"
rgb-2x2.png,no-transform-png,true,0,0,0,0,Infinity,1,2.9000000059604645,76,97,96,"Mozilla/5.0 (Windows NT 10.0; Win64; x64) AppleWebKit/537.36 (KHTML, like Gecko) HeadlessChrome/140.0.7339.16 Safari/537.36"
rgb-2x2.png,no-transform-jpeg,true,15,0,220,100,22.454796120517173,0.977375517508347,3.2000000029802322,76,810,96,"Mozilla/5.0 (Windows NT 10.0; Win64; x64) AppleWebKit/537.36 (KHTML, like Gecko) HeadlessChrome/140.0.7339.16 Safari/537.36"
rgb-2x2.png,grayscale-png,true,10,0,237,75,58.64098001539615,0.9999966345271718,3.4000000059604645,76,102,112,"Mozilla/5.0 (Windows NT 10.0; Win64; x64) AppleWebKit/537.36 (KHTML, like Gecko) HeadlessChrome/140.0.7339.16 Safari/537.36"
rgb-2x2.png,resize-2400-png,true,0,0,0,0,Infinity,1,2.9000000059604645,76,97,112,"Mozilla/5.0 (Windows NT 10.0; Win64; x64) AppleWebKit/537.36 (KHTML, like Gecko) HeadlessChrome/140.0.7339.16 Safari/537.36"
transparent.png,no-transform-png,true,0,0,0,0,Infinity,1,2.8999999910593033,72,89,48,"Mozilla/5.0 (Windows NT 10.0; Win64; x64) AppleWebKit/537.36 (KHTML, like Gecko) HeadlessChrome/140.0.7339.16 Safari/537.36"
transparent.png,no-transform-jpeg,true,28,8,255,100,3.459108170879768,-0.022361027286506914,3,72,792,48,"Mozilla/5.0 (Windows NT 10.0; Win64; x64) AppleWebKit/537.36 (KHTML, like Gecko) HeadlessChrome/140.0.7339.16 Safari/537.36"
transparent.png,grayscale-png,true,22,0,237,50,58.86426712779758,0.9995665626879712,3.5,72,91,56,"Mozilla/5.0 (Windows NT 10.0; Win64; x64) AppleWebKit/537.36 (KHTML, like Gecko) HeadlessChrome/140.0.7339.16 Safari/537.36"
transparent.png,resize-2400-png,true,0,0,0,0,Infinity,1,2.9000000059604645,72,89,56,"Mozilla/5.0 (Windows NT 10.0; Win64; x64) AppleWebKit/537.36 (KHTML, like Gecko) HeadlessChrome/140.0.7339.16 Safari/537.36"
